{
    "$schema": "https://schema.management.azure.com/schemas/2015-01-01/deploymentParameters.json#",
    "contentVersion": "1.0.0.0",
    "parameters": {
        "location": {
            "value": "eastus2"
        },
        "networkInterfaceName": {
            "value": "centos8-a1-www132"
        },
        "subnetName": {
            "value": "djr-useast-subnet-1"
        },
        "virtualNetworkId": {
            "value": "/subscriptions/926984f7-30ab-4094-9fd5-36fa484fba5b/resourceGroups/djr-useast2-rg-1/providers/Microsoft.Network/virtualNetworks/djr-useast2-vnet-1"
        },
        "publicIpAddressName": {
            "value": "centos8-a1-www-ip"
        },
        "publicIpAddressType": {
            "value": "Dynamic"
        },
        "publicIpAddressSku": {
            "value": "Basic"
        },
        "virtualMachineName": {
            "value": "centos8-a1-www"
        },
        "virtualMachineComputerName": {
            "value": "centos8-a1-www"
        },
        "virtualMachineRG": {
            "value": "centos8-a1-www-rg"
        },
        "osDiskType": {
            "value": "Standard_LRS"
        },
        "virtualMachineSize": {
            "value": "Standard_B1ls"
        },
        "adminUsername": {
            "value": "djr"
        },
        "adminPassword": {
            "value": null
        },
        "autoShutdownStatus": {
            "value": "Enabled"
        },
        "autoShutdownTime": {
            "value": "22:00"
        },
        "autoShutdownTimeZone": {
            "value": "Eastern Standard Time"
        },
        "autoShutdownNotificationStatus": {
            "value": "Disabled"
        },
        "autoShutdownNotificationLocale": {
            "value": "en"
        }
    }
}