{
    "$schema": "https://schema.management.azure.com/schemas/2019-04-01/deploymentTemplate.json#",
    "contentVersion": "1.0.0.0",
    "parameters": {
        "virtualNetworkGateways_djr_useast2_vpn_1_name": {
            "defaultValue": "djr-useast2-vpn-1",
            "type": "String"
        },
        "publicIPAddresses_djr_useast2_vpn_1_ip_externalid": {
            "defaultValue": "/subscriptions/926984f7-30ab-4094-9fd5-36fa484fba5b/resourceGroups/djr-useast2-rg-1/providers/Microsoft.Network/publicIPAddresses/djr-useast2-vpn-1-ip",
            "type": "String"
        },
        "virtualNetworks_djr_useast2_hub_1_externalid": {
            "defaultValue": "/subscriptions/926984f7-30ab-4094-9fd5-36fa484fba5b/resourceGroups/djr-useast2-rg-1/providers/Microsoft.Network/virtualNetworks/djr-useast2-hub-1",
            "type": "String"
        }
    },
    "variables": {},
    "resources": [
        {
            "type": "Microsoft.Network/virtualNetworkGateways",
            "apiVersion": "2020-11-01",
            "name": "[parameters('virtualNetworkGateways_djr_useast2_vpn_1_name')]",
            "location": "eastus2",
            "properties": {
                "enablePrivateIpAddress": false,
                "ipConfigurations": [
                    {
                        "name": "default",
                        "properties": {
                            "privateIPAllocationMethod": "Dynamic",
                            "publicIPAddress": {
                                "id": "[parameters('publicIPAddresses_djr_useast2_vpn_1_ip_externalid')]"
                            },
                            "subnet": {
                                "id": "[concat(parameters('virtualNetworks_djr_useast2_hub_1_externalid'), '/subnets/GatewaySubnet')]"
                            }
                        }
                    }
                ],
                "sku": {
                    "name": "VpnGw1",
                    "tier": "VpnGw1"
                },
                "gatewayType": "Vpn",
                "vpnType": "RouteBased",
                "enableBgp": true,
                "activeActive": false,
                "bgpSettings": {
                    "asn": 4200000101,
                    "bgpPeeringAddress": "10.1.0.254",
                    "peerWeight": 0,
                    "bgpPeeringAddresses": [
                        {
                            "ipconfigurationId": "[concat(resourceId('Microsoft.Network/virtualNetworkGateways', parameters('virtualNetworkGateways_djr_useast2_vpn_1_name')), '/ipConfigurations/default')]",
                            "customBgpIpAddresses": []
                        }
                    ]
                },
                "vpnGatewayGeneration": "Generation1"
            }
        }
    ]
}